<?xml version="1.0" encoding="UTF-8"?>
<addon id="repository.universalscrapers" name="universalscrapers" version="1.0.0" provider-name="universalscrapers">
    <requires>
        <import addon="xbmc.addon" version="12.0.0"/>
    </requires>
    <extension point="xbmc.addon.repository" name="universalscrapers">
        <info compressed="false">http://teamuniversal.xyz/modules4all/addons.xml</info>
        <checksum>http://teamuniversal.xyz/modules4all/addons.xml.md5</checksum>
        <datadir zip="true">http://teamuniversal.xyz/modules4all/</datadir>
        <hashes>false</hashes>
    </extension>
    <extension point="xbmc.addon.repository" name="universalscrapers">
        <info compressed="false">https://raw.githubusercontent.com/teamuniversal/scrapers/master/_modules4all/zips/addons.xml</info>
        <checksum>https://raw.githubusercontent.com/teamuniversal/scrapers/master/_modules4all/zips/addons.xml.md5</checksum>
        <datadir zip="true">https://raw.githubusercontent.com/teamuniversal/scrapers/master/_modules4all/zips/</datadir>
        <hashes>false</hashes>
    </extension>
    <extension point="xbmc.addon.metadata">
        <summary>Scrape common video host for URL's to be playable in XBMC/Kodi.</summary>
        <description>carrying on the dream</description>
        <platform>all</platform>
    </extension>
</addon>